tier,pack,gun_id,type,ammo,note,bullet_damage,bullet_amount,explosion_damage
0,Apocalypse (bf1),bf1:martini,sniper,45_70,Martini-Henry 1871,45.6,1,
0,Apocalypse (bf1),bf1:model10,shotgun,12g,early 1900s pump shotgun,4.7,12,
0,Apocalypse (bf1),bf1:sjogren,shotgun,12g,Sjogren automatic shotgun ~1908,4.8,11,
0,Apocalypse (bf1),bf1:sw_model3,pistol,357mag,S&W Model 3 1870,8.1,1,
0,ChocolateMan (qkl),qkl:1860,rifle,357mag,Henry 1860,9.9,1,
0,ChocolateMan (qkl),qkl:1871,rifle,50ae,Winchester-era lever gun,11.0,1,
0,ChocolateMan (qkl),qkl:clf10,shotgun,12g,"Single-shot break-action shotgun, improvised/primitive design, tier 0",5.5,7,
0,ChocolateMan (qkl),qkl:fk15,rifle,16mm,"Custom musket-pattern weapon; muzzle-loading black-powder long arm, tier 0",13.2,1,
0,ChocolateMan (qkl),qkl:fk15p,pistol,16mm,"Custom flintlock pistol; single-shot black-powder era sidearm, tier 0",10.8,1,
0,Suffuse,suffuse:m1895,rifle,45_70,Winchester 1895 lever rifle,12.1,1,
0,Suffuse,suffuse:trapper50cal,pistol,boomstickshot,"Represented as a flintlock single-shot pistol; black-powder era design, tier 0",9.9,1,
0,TaCZ Expanded Arsenal,tacz:1873,sniper,tacz:44_40,"Winchester Model 1873 - lever-action rifle, .44-40, Old West era",30.4,1,
0,TaCZ Expanded Arsenal,tacz:1881,sniper,tacz:45_70,"Marlin Model 1881 - lever-action rifle in .45-70, matches the big-bore lever/single-shot antique bracket",38.0,1,
0,TaCZ Expanded Arsenal,tacz:1889,pistol,tacz:38lc,"Colt New Army Model 1889 - double-action service revolver, .38 Long Colt",7.2,1,
0,TaCZ Expanded Arsenal,tacz:4570,sniper,tacz:45_70,"Marlin Model 1895 - lever-action .45-70, big-bore antique bracket",41.8,1,
0,TaCZ Expanded Arsenal,tacz:auto5,shotgun,tacz:12g,"FN Browning Auto-5 - early semi-auto shotgun, 1902",5.3,9,
0,TaCZ Expanded Arsenal,tacz:frolovka,shotgun,ea:20g,Frolovka - traditional Russian homemade/improvised break-action shotgun,0.20,200,
0,TaCZ Expanded Arsenal,tacz:lupara,shotgun,tacz:12g,Lupara - sawed-down double-barrel shotgun,0.20,200,
0,TaCZ Expanded Arsenal,tacz:m1887,shotgun,tacz:12g,"Winchester M1887, matches the sgputer/sgputer2 (M1887 reskins) tier",6.2,8,
0,TaCZ Expanded Arsenal,tacz:m1907,rifle,tacz:351wsl,Winchester M1907 Self-Loading - early semi-auto sporting rifle,8.8,1,
0,TaCZ Expanded Arsenal,tacz:no3,pistol,tacz:44_40,S&W Model 3 - .44-40 top-break revolver,9.0,1,
0,daffas,daffas_arsenal:sgputer,shotgun,12g,"Winchester M1887 lever-action shotgun, long-barrel variant, 1887 era",5.7,8,
0,daffas,daffas_arsenal:sgputer2,shotgun,12g,"Winchester M1887 lever-action shotgun, short-barrel variant, 1887 era",5.1,8,
0,tacz (vanilla),tacz:db_long,shotgun,12g,classic double-barrel pattern,4.3,10,
0,tacz (vanilla),tacz:db_short,shotgun,12g,classic double-barrel pattern,3.4,16,
0,tacz (vanilla),tacz:springfield1873,sniper,45_70,Springfield 1873 Trapdoor,34.2,1,
1,Apocalypse (bf1),bf1:chauchat,mg,30_06,Chauchat - WWI 1915,11.9,1,
1,Apocalypse (bf1),bf1:de_lisle,rifle,45acp,De Lisle Commando 1943,10.6,1,
1,Apocalypse (bf1),bf1:f_faust,rpg,40mm,Panzerfaust - WWII 1943,19.1,5,76.0
1,Apocalypse (bf1),bf1:handgun,pistol,9mm,generic WWI-era sidearm,8.1,1,
1,Apocalypse (bf1),bf1:kolibri,pistol,9mm,Kolibri 1914 pocket pistol - tiny novelty-scale hand pistol,7.9,1,
1,Apocalypse (bf1),bf1:lewis,mg,308,Lewis Gun - WWI 1914,8.0,1,
1,Apocalypse (bf1),bf1:liu,rifle,762x54,"'General Liu' - semi-auto clip-fed rifle resembling the M1 Garand, WWII-era analog, tier 1",13.0,1,
1,Apocalypse (bf1),bf1:lunge_mine,rpg,40mm,Japanese Lunge Mine - WWII 1944,65.4,1,196.0
1,Apocalypse (bf1),bf1:m1916,rifle,308,Berthier/RSC M1916 - WWI,11.6,1,
1,Apocalypse (bf1),bf1:man_m95,sniper,30_06,Mannlicher M1895,37.0,1,
1,Apocalypse (bf1),bf1:mg0815,mg,762x54,MG 08/15 - WWI 1915,9.6,1,
1,Apocalypse (bf1),bf1:mg42,mg,762x54,MG42 - WWII 1942,8.4,1,
1,Apocalypse (bf1),bf1:mhgl,rpg,40mm,"Martini-Henry grenade launcher variant, matches base Martini-Henry's tier (1)",75.5,1,226.0
1,Apocalypse (bf1),bf1:obrez,pistol,762x54,improvised sawn-off Mosin,12.6,1,
1,Apocalypse (bf1),bf1:rsc1917,rifle,30_06,RSC Modele 1917 - WWI,12.8,1,
1,Apocalypse (bf1),bf1:smg0818,smg,9mm,"MP18 - WWI 1918, first SMG",6.5,1,
1,Apocalypse (bf1),bf1:tg1918,sniper,50bmg,Tankgewehr M1918 - WWI anti-tank rifle,53.8,1,
1,Apocalypse (bf1),bf1:vg15,rifle,762x39,Volkssturmgewehr - WWII 1945,10.1,1,
1,Apocalypse (bf1),bf1:vp1915,smg,9mm,Villar Perosa - WWI 1915,6.9,1,
1,Apocalypse (bf1),bf1:welrod,pistol,9mm,WWII 1943,8.3,1,
1,Apocalypse (bf1),bf1:zk383,smg,9mm,ZK-383 - interwar 1933,8.6,1,
1,ChocolateMan (qkl),qkl:1912,pistol,9mm,Steyr M1912 - WWI era,8.7,1,
1,ChocolateMan (qkl),qkl:1912p16,pistol,9mm,Steyr M1912 family,8.9,1,
1,ChocolateMan (qkl),qkl:at50,sniper,50bmg,"Anti-tank rifle chambered in .50 BMG, WWI/interwar anti-tank rifle analog, tier 1",52.1,1,
1,ChocolateMan (qkl),qkl:cbr11,rifle,rb10,"Bolt-action rifle, WWI/early-WWII era analog - base of the CBR-11 family, tier 1",13.7,1,
1,ChocolateMan (qkl),qkl:cbr11c,rifle,rb10,"Bolt-action carbine, WWI/early-WWII era analog - short variant of the CBR-11 family, tier 1",14.7,1,
1,ChocolateMan (qkl),qkl:cbr11r,rifle,rb10,"Bolt-action rifle, WWI/early-WWII era analog - rifle variant of the CBR-11 family, tier 1",13.3,1,
1,ChocolateMan (qkl),qkl:cbr11sp,sniper,rb10,"Bolt-action sniper rifle, WWI/early-WWII era analog - sniper variant of the CBR-11 family, tier 1",42.0,1,
1,ChocolateMan (qkl),qkl:cbr9,rifle,rb10,"Bolt-action rifle, same design family as CBR-11, WWI/early-WWII era analog",14.2,1,
1,ChocolateMan (qkl),qkl:hy88,rifle,308,"Hanyang 88 - Chinese Mauser-derivative bolt-action rifle, adopted 1895, WWI-WWII service rifle",13.5,1,
1,ChocolateMan (qkl),qkl:lmg31,mg,rb10,"Bren-pattern light machine gun, WWII-era analog, tier 1",10.0,1,
1,ChocolateMan (qkl),qkl:m1897,shotgun,12g,Winchester Model 1897,6.7,7,
1,ChocolateMan (qkl),qkl:m1903a3,rifle,30_06,Springfield M1903A3 1942,15.0,1,
1,ChocolateMan (qkl),qkl:mg15,mg,30_06,MG15 - German WWII 1932-38,9.2,1,
1,ChocolateMan (qkl),qkl:mu73,rifle,rb10,"Semi-auto clip-fed rifle in the Garand mold, WWII-era analog, tier 1",11.3,1,
1,ChocolateMan (qkl),qkl:mu73m,rifle,rb10,"Semi-auto clip-fed rifle, Garand-pattern variant of the mu73 line, tier 1",10.3,1,
1,ChocolateMan (qkl),qkl:mua73,rifle,rb10,"Semi-auto clip-fed rifle in the Garand mold, WWII-era analog variant of mu73, tier 1",11.1,1,
1,ChocolateMan (qkl),qkl:waltertl,shotgun,12g,"Pump-action shotgun with WWI-era styling, tier 1",7.7,7,
1,Suffuse,suffuse:mas38,smg,7.65x20mm,MAS-38 - France WWII 1938,6.2,1,
1,Suffuse,suffuse:np762,pistol,762x25,762x25 Tokarev round implies WWII-era Soviet pistol,10.1,1,
1,Suffuse,suffuse:tt33,pistol,762x25,TT-33 - Soviet 1930/WWII,9.1,1,
1,Suffuse,suffuse:webley1913,pistol,45acp,Webley - WWI era ~1913-15,9.3,1,
1,TaCZ Expanded Arsenal,tacz:27,pistol,tacz:357mag,"S&W Model 27 - .357 Magnum revolver, 1935, matches the .357 magnum-revolver bracket",12.4,1,
1,TaCZ Expanded Arsenal,tacz:avs36,rifle,tacz:762x54,"AVS-36 - Soviet select-fire rifle, 1936",12.3,1,
1,TaCZ Expanded Arsenal,tacz:avt40,rifle,tacz:762x54,"AVT-40 - Soviet select-fire rifle, 1940",12.5,1,
1,TaCZ Expanded Arsenal,tacz:bren,mg,tacz:303,"Bren Gun - British .303 LMG, WWII",11.1,1,
1,TaCZ Expanded Arsenal,tacz:c96,pistol,ea:30mauser,"Mauser C96 'Broomhandle' - WWI-era service pistol, 1896",11.0,1,
1,TaCZ Expanded Arsenal,tacz:cns,pistol,tacz:455web,Colt New Service .455 - WWI-era big service revolver,12.0,1,
1,TaCZ Expanded Arsenal,tacz:cph,pistol,ea:32acp,Colt Model 1903 Pocket Hammerless - .32 ACP pocket pistol,8.5,1,
1,TaCZ Expanded Arsenal,tacz:dp28,mg,tacz:762x54,"DP-28 - Soviet WWII LMG, 1928",12.7,1,
1,TaCZ Expanded Arsenal,tacz:fg42,rifle,tacz:792x57,FG-42 - WWII German paratrooper automatic rifle,11.8,1,
1,TaCZ Expanded Arsenal,tacz:gew96,sniper,tacz:65x55,"Swedish Gewehr M/96 - bolt-action service rifle, 1896",43.7,1,
1,TaCZ Expanded Arsenal,tacz:gew98,rifle,tacz:792x57,"Gewehr 98 - German bolt-action service rifle, 1898",14.5,1,
1,TaCZ Expanded Arsenal,tacz:kar98k,sniper,tacz:792x57,"Karabiner 98k, matches the vanilla Kar98k's tier",47.1,1,
1,TaCZ Expanded Arsenal,tacz:lewis,mg,tacz:303,"Lewis Gun, matches the existing Lewis Gun entry's tier",10.3,1,
1,TaCZ Expanded Arsenal,tacz:m1,rifle,tacz:30c,M1 Carbine - WWII .30 Carbine light rifle,9.6,1,
1,TaCZ Expanded Arsenal,tacz:m10,pistol,tacz:38special,S&W Model 10 - .38 Special service revolver,11.6,1,
1,TaCZ Expanded Arsenal,tacz:m1895,pistol,tacz:762r,Nagant M1895 - 7.62 Nagant service revolver,12.8,1,
1,TaCZ Expanded Arsenal,tacz:m1897,shotgun,tacz:12g,"Winchester M1897, matches the existing M1897 entry's tier",6.8,9,
1,TaCZ Expanded Arsenal,tacz:m1903,sniper,tacz:30_06,"Springfield M1903, matches the existing M1903A3 entry's tier",48.7,1,
1,TaCZ Expanded Arsenal,tacz:m1911a1,pistol,tacz:45acp,"Colt M1911A1, matches the vanilla M1911's tier",11.2,1,
1,TaCZ Expanded Arsenal,tacz:m1917,pistol,tacz:45acp,Colt M1917 - WWI .45 ACP service revolver,11.8,1,
1,TaCZ Expanded Arsenal,tacz:m1918,mg,tacz:30_06,M1918A2 BAR (mg-typed) - WWI/WWII automatic rifle,11.5,1,
1,TaCZ Expanded Arsenal,tacz:m1918a2,rifle,tacz:30_06,M1918 BAR (rifle-typed) - WWI/WWII automatic rifle,12.0,1,
1,TaCZ Expanded Arsenal,tacz:m1919,mg,tacz:30_06,Browning M1919A6 - WWI-design .30-06 MG fielded through WWII,8.8,1,
1,TaCZ Expanded Arsenal,tacz:m1921,smg,tacz:45acp,M1921 Thompson - WWII-era SMG,8.9,1,
1,TaCZ Expanded Arsenal,tacz:m1938,rifle,tacz:762x54,Mosin M38 Carbine - Soviet bolt action,15.2,1,
1,TaCZ Expanded Arsenal,tacz:m1944,rifle,tacz:762x54,Mosin M44 Carbine - Soviet bolt action,15.4,1,
1,TaCZ Expanded Arsenal,tacz:m1a1,smg,tacz:45acp,M1A1 Thompson - WWII SMG,9.2,1,
1,TaCZ Expanded Arsenal,tacz:m1g,sniper,tacz:30_06,M1 Garand - matches the semi-auto Garand-clone bracket (cbr/mu73 precedent),35.3,1,
1,TaCZ Expanded Arsenal,tacz:m2,rifle,tacz:30c,M2 Carbine - select-fire WWII-era light rifle,9.9,1,
1,TaCZ Expanded Arsenal,tacz:m37,shotgun,tacz:12g,Ithaca M37 - pump shotgun,7.6,9,
1,TaCZ Expanded Arsenal,tacz:m3a1,smg,tacz:45acp,M3A1 Grease Gun - WWII SMG,9.9,1,
1,TaCZ Expanded Arsenal,tacz:m70,sniper,tacz:30_06,Winchester M70 - .30-06 bolt rifle,40.3,1,
1,TaCZ Expanded Arsenal,tacz:mg08,mg,tacz:792x57,"MG 08/15, matches the existing MG 08/15 entry's tier",10.7,1,
1,TaCZ Expanded Arsenal,tacz:mg42,mg,tacz:792x57,"MG-42, matches the existing MG-42 entry's tier",12.3,1,
1,TaCZ Expanded Arsenal,tacz:mkii,pistol,tacz:455web,S&W Mk II .455 - WWI-era British service revolver,12.2,1,
1,TaCZ Expanded Arsenal,tacz:mosin,sniper,tacz:762x54,"Mosin Nagant M91/30 - standard-caliber bolt action, matches the Kar98k bracket",50.4,1,
1,TaCZ Expanded Arsenal,tacz:mp18,smg,tacz:9mm,"MP18-I, matches the existing MP18 entry's tier",7.2,1,
1,TaCZ Expanded Arsenal,tacz:mp40,smg,tacz:9mm,MP40 - WWII SMG,7.5,1,
1,TaCZ Expanded Arsenal,tacz:nagant1891,rifle,tacz:762x54,Mosin-Nagant M1891 - standard-caliber bolt action rifle,15.7,1,
1,TaCZ Expanded Arsenal,tacz:no4,sniper,tacz:303,Lee-Enfield No.4 Mk1 - standard-caliber bolt action,45.4,1,
1,TaCZ Expanded Arsenal,tacz:p08,pistol,tacz:9mm,Luger P08 - WWI-era service pistol,10.3,1,
1,TaCZ Expanded Arsenal,tacz:p35,pistol,tacz:9mm,FN Browning Hi-Power - WWII-era service pistol,10.6,1,
1,TaCZ Expanded Arsenal,tacz:p38,pistol,tacz:9mm,Walther P38 - WWII service pistol,9.7,1,
1,TaCZ Expanded Arsenal,tacz:p60,rpg,tacz:40mm,"Panzerfaust 60, matches the existing Panzerfaust entry's tier",85.5,1,513.0
1,TaCZ Expanded Arsenal,tacz:ppk,pistol,ea:32acp,Walther PPK - pocket pistol,9.5,1,
1,TaCZ Expanded Arsenal,tacz:pps,smg,tacz:762x25,PPS-43 - WWII SMG,7.9,1,
1,TaCZ Expanded Arsenal,tacz:ppsh41,smg,tacz:762x25,PPSh-41 - WWII SMG,9.6,1,
1,TaCZ Expanded Arsenal,tacz:smle,rifle,tacz:303,SMLE No.1 MkIII - standard-caliber bolt action,14.0,1,
1,TaCZ Expanded Arsenal,tacz:sten,smg,tacz:9mm,Sten MkII - WWII SMG,8.2,1,
1,TaCZ Expanded Arsenal,tacz:stg44,rifle,ea:792x33,"StG 44 - first true assault rifle, WWII",10.8,1,
1,TaCZ Expanded Arsenal,tacz:svt_40,sniper,tacz:762x54,"SVT-40 - Soviet semi-auto rifle, WWII, matches the Garand-clone bracket",33.6,1,
1,TaCZ Expanded Arsenal,tacz:tt33,pistol,tacz:762x25,"Tokarev TT-33, matches the existing TT-33 entry's tier",9.9,1,
1,daffas,daffas_arsenal:welrod,pistol,9mm,WWII 1943,10.8,1,
1,tacz (vanilla),tacz:kar98,sniper,792x57,Kar98k 1935,38.7,1,
1,tacz (vanilla),tacz:m1911,pistol,45acp,Colt M1911 - WWI/WWII service,11.4,1,
2,ChocolateMan (qkl),qkl:csg19,smg,9mm,"Uzi-pattern SMG clone, matches vanilla Uzi's tier (2)",7.9,1,
2,ChocolateMan (qkl),qkl:rmg,mg,rb10,"RPK-pattern light machine gun, Cold War-era analog, tier 2",11.4,1,
2,Suffuse,suffuse:aiyasinrpg,rpg,rpg_rocket,"RPG-7 pattern rocket-propelled grenade launcher, matches vanilla RPG-7's tier (2)",106.3,1,85.0
2,Suffuse,suffuse:aks74u,rifle,545x39,AKS-74U 1979,11.5,1,
2,Suffuse,suffuse:an94,rifle,545x39,AN-94 1994,14.3,1,
2,Suffuse,suffuse:aw50,sniper,50bmg,AI AW50 1982,62.3,1,
2,Suffuse,suffuse:m203,rpg,40mm,M203 1969,78.0,1,390.0
2,Suffuse,suffuse:m79,rpg,40mm,M79 1961,82.7,1,414.0
2,Suffuse,suffuse:pf98a,rpg,120mm,Chinese PF98 1998,115.8,1,93.0
2,Suffuse,suffuse:pp19,smg,9mm,PP-19 Bizon 1993,9.3,1,
2,Suffuse,suffuse:python,pistol,357mag,Colt Python 1955,14.7,1,
2,Suffuse,suffuse:qbz951,rifle,58x42,QBZ-95 1997,13.1,1,
2,Suffuse,suffuse:qbz951s,rifle,58x42,QBZ-95 1997,13.2,1,
2,Suffuse,suffuse:saddam_golden_ak,rifle,762x39,"base weapon is AK47 1947, cosmetic gold finish",15.1,1,
2,Suffuse,suffuse:spas12,shotgun,12g,SPAS-12 1979,6.6,9,
2,Suffuse,suffuse:svd,sniper,762x54,Dragunov SVD 1963,40.3,1,
2,Suffuse,suffuse:tec9,pistol,9mm,Intratec TEC-9 1985,9.2,1,
2,Suffuse,suffuse:ump45,smg,45acp,HK UMP 1999,11.0,1,
2,Suffuse,suffuse:usp45,pistol,45acp,HK USP 1993,11.4,1,
2,Suffuse,suffuse:usp45_black,pistol,45acp,HK USP 1993,11.6,1,
2,TaCZ Expanded Arsenal,tacz:29,pistol,ea:44magnum,"S&W Model 29 - .44 Magnum revolver (Dirty Harry gun), 1955, big-bore magnum bracket",15.1,1,
2,TaCZ Expanded Arsenal,tacz:ak101,rifle,tacz:556x45,AK-101 - export AK in 5.56x45,14.5,1,
2,TaCZ Expanded Arsenal,tacz:ak103,rifle,tacz:762x39,AK-103 - modern AK in 7.62x39,15.2,1,
2,TaCZ Expanded Arsenal,tacz:ak74,rifle,tacz:545x39,"AK-74 - Soviet 5.45x39 rifle, 1974",11.2,1,
2,TaCZ Expanded Arsenal,tacz:ak74m,rifle,tacz:545x39,"AK-74M - modernized AK-74, 1991",11.7,1,
2,TaCZ Expanded Arsenal,tacz:akm,rifle,tacz:762x39,"AK-47/AKM - 1947/1959, this pack's baseline AK",15.4,1,
2,TaCZ Expanded Arsenal,tacz:ar18,rifle,tacz:556x45,Armalite AR-18 - 1963 5.56 rifle,13.4,1,
2,TaCZ Expanded Arsenal,tacz:asval,rifle,ea:9x39,"AS Val - Russian suppressed subsonic 9x39 specialist rifle, matches Honey Badger/PDW-specialist bracket",17.7,1,
2,TaCZ Expanded Arsenal,tacz:augs,rifle,tacz:556x45,Steyr AUG A2 SA - AUG-family semi-auto,16.8,1,
2,TaCZ Expanded Arsenal,tacz:benm4,shotgun,tacz:12g,"Benelli M4 Tactical - modern combat shotgun, 1998",6.8,8,
2,TaCZ Expanded Arsenal,tacz:bih,smg,tacz:308,basically FN FAL,11.7,1,
2,TaCZ Expanded Arsenal,tacz:bm59,rifle,tacz:308,"BM59 - Italian M1 Garand-derived battle rifle, 1959",18.0,1,
2,TaCZ Expanded Arsenal,tacz:cz75s,pistol,tacz:9mm,"CZ75 semi-auto variant, matches vanilla CZ75's tier",10.8,1,
2,TaCZ Expanded Arsenal,tacz:dragunov,sniper,tacz:762x54,"SVD Dragunov, matches the existing SVD entry's tier",48.9,1,
2,TaCZ Expanded Arsenal,tacz:elephant,rpg,tacz:700ne,".700 Nitro Express double rifle represented as rpg-type - extreme big-game power, treated as heavy ordnance",111.0,1,
2,TaCZ Expanded Arsenal,tacz:fal,rifle,tacz:308,"FN FAL, matches the vanilla FN FAL's tier",18.3,1,
2,TaCZ Expanded Arsenal,tacz:famas,rifle,tacz:556x45,"FAMAS F1 - French bullpup service rifle, 1978",11.8,1,
2,TaCZ Expanded Arsenal,tacz:g18,pistol,tacz:9mm,Glock 18C - select-fire machine pistol,10.0,1,
2,TaCZ Expanded Arsenal,tacz:g21,pistol,tacz:45acp,Glock 21 - modern .45 ACP service pistol,12.9,1,
2,TaCZ Expanded Arsenal,tacz:g36c,rifle,tacz:556x45,HK G36C,12.0,1,
2,TaCZ Expanded Arsenal,tacz:g3a3,rifle,tacz:308,HK G3A3,17.1,1,
2,TaCZ Expanded Arsenal,tacz:gak47,rifle,tacz:762x39,"Saddam's Golden AK - cosmetic gold AK47, matches the existing golden-AK entry's tier",15.5,1,
2,TaCZ Expanded Arsenal,tacz:grizzly,pistol,ea:44magnum,"LAR Grizzly Win Mag - .44 Magnum pistol, big-bore bracket",13.7,1,
2,TaCZ Expanded Arsenal,tacz:hk33,rifle,tacz:556x45,"HK33 - 5.56 rifle, 1968",12.6,1,
2,TaCZ Expanded Arsenal,tacz:hk5,smg,tacz:9mm,"HK5A2 (MP5 clone), matches the MP5-family tier",9.6,1,
2,TaCZ Expanded Arsenal,tacz:hk_sl8,sniper,tacz:556x45,"HK SL8, matches the existing SL8 entry's tier",39.1,1,
2,TaCZ Expanded Arsenal,tacz:l1a1,rifle,tacz:308,L1A1 SLR - Commonwealth FAL variant,17.9,1,
2,TaCZ Expanded Arsenal,tacz:l42a1,sniper,tacz:308,"L42A1 - Cold War Lee-Enfield sniper conversion, .308",57.4,1,
2,TaCZ Expanded Arsenal,tacz:l4a1,mg,tacz:308,Bren L4A1 - postwar .308 conversion of the Bren gun,14.7,1,
2,TaCZ Expanded Arsenal,tacz:l7a2,mg,tacz:308,L7A2 GPMG - FN MAG variant,13.6,1,
2,TaCZ Expanded Arsenal,tacz:l96a1,sniper,tacz:308,"L96A1 Arctic Warfare - .308 bolt sniper, 1985",58.6,1,
2,TaCZ Expanded Arsenal,tacz:m1187,shotgun,tacz:12g,Remington 11-87 - semi-auto shotgun,6.8,9,
2,TaCZ Expanded Arsenal,tacz:m14,rifle,tacz:308,"M14 - .308 Cold War battle rifle, 1959",18.2,1,
2,TaCZ Expanded Arsenal,tacz:m16a2,rifle,tacz:556x45,"M16A2, matches the vanilla M16A1/M16A4 bracket",13.5,1,
2,TaCZ Expanded Arsenal,tacz:m16a3,rifle,tacz:556x45,"M16A3, same bracket",15.7,1,
2,TaCZ Expanded Arsenal,tacz:m21,sniper,tacz:308,XM21 SWS - Vietnam-era .308 sniper variant of the M14,46.4,1,
2,TaCZ Expanded Arsenal,tacz:m240b,mg,tacz:308,M240B GPMG - modern .308 GPMG,13.9,1,
2,TaCZ Expanded Arsenal,tacz:m40a1,sniper,tacz:308,M40 - USMC .308 bolt sniper rifle,51.3,1,
2,TaCZ Expanded Arsenal,tacz:m4burst,rifle,tacz:556x45,"M4 (burst variant), matches the vanilla M4A1's tier",13.7,1,
2,TaCZ Expanded Arsenal,tacz:m500a,shotgun,tacz:12g,Mossberg 500A - pump shotgun,7.1,9,
2,TaCZ Expanded Arsenal,tacz:m51,pistol,tacz:9mm,Beretta M1951 - postwar 9mm service pistol,11.8,1,
2,TaCZ Expanded Arsenal,tacz:m60,mg,tacz:308,M60 GPMG - Vietnam-era .308 GPMG,12.5,1,
2,TaCZ Expanded Arsenal,tacz:m60e4,mg,tacz:308,M60E4 - modernized M60,12.9,1,
2,TaCZ Expanded Arsenal,tacz:m79,rpg,tacz:40mm,"M79 grenade launcher, matches the existing M79 entries' tier",87.4,1,437.0
2,TaCZ Expanded Arsenal,tacz:m82a1,sniper,tacz:50bmg,"Barrett M82A1 - .50 BMG anti-materiel rifle, matches the M107/M95 AM bracket",61.1,1,
2,TaCZ Expanded Arsenal,tacz:m870l,shotgun,tacz:12g,Long-barreled Remington 870,7.4,9,
2,TaCZ Expanded Arsenal,tacz:m88,shotgun,tacz:12g,Mossberg Maverick 88 tactical shotgun,7.6,9,
2,TaCZ Expanded Arsenal,tacz:m9,pistol,tacz:9mm,Beretta M9 - standard service pistol,12.0,1,
2,TaCZ Expanded Arsenal,tacz:mac10,pistol,tacz:45acp,"MAC M10 machine pistol, matches the makten_single (Mac-10 equivalent) tier",11.0,1,
2,TaCZ Expanded Arsenal,tacz:mac11,pistol,ea:380auto,"MAC M11 machine pistol, same bracket as MAC M10",9.6,1,
2,TaCZ Expanded Arsenal,tacz:mag10,shotgun,ea:10g,Ithaca Mag-10 - 10ga semi-auto shotgun,5.5,15,
2,TaCZ Expanded Arsenal,tacz:mg3,mg,tacz:308,"MG3 GPMG, matches the existing MG3 (migraine3) entry's tier",15.0,1,
2,TaCZ Expanded Arsenal,tacz:mg36,mg,tacz:556x45,HK MG36 - 5.56 squad automatic,10.0,1,
2,TaCZ Expanded Arsenal,tacz:mgl,rpg,tacz:40mm,Milkor MGL multi-shot grenade launcher - heavy ordnance bracket,92.1,1,460.0
2,TaCZ Expanded Arsenal,tacz:mini14,rifle,tacz:556x45,Ruger Mini-14 Tactical - modern 5.56 rifle,15.9,1,
2,TaCZ Expanded Arsenal,tacz:mk23,pistol,tacz:45acp,"HK Mk23, matches the vanilla Mk23's tier",12.7,1,
2,TaCZ Expanded Arsenal,tacz:mp5k,smg,tacz:9mm,"HK MP5K, matches the existing MP5K entry's tier",8.2,1,
2,TaCZ Expanded Arsenal,tacz:mustang,pistol,ea:380auto,Colt Mustang - .380 ACP pocket pistol,9.8,1,
2,TaCZ Expanded Arsenal,tacz:pkm,mg,tacz:762x54,"PKM GPMG, matches the PKP (Pecheneg) bracket",13.2,1,
2,TaCZ Expanded Arsenal,tacz:pm,pistol,ea:9x18,Makarov PM - Cold War Soviet service pistol,10.2,1,
2,TaCZ Expanded Arsenal,tacz:pp19,smg,ea:9x18,"PP-19 Bizon, matches the existing PP-19 Bizon entry's tier",10.7,1,
2,TaCZ Expanded Arsenal,tacz:ps90,smg,tacz:57x28,"PS90, matches the vanilla P90's tier",9.8,1,
2,TaCZ Expanded Arsenal,tacz:psg1,sniper,tacz:308,HK PSG-1 - modern .308 precision rifle,45.2,1,
2,TaCZ Expanded Arsenal,tacz:python,pistol,tacz:357mag,"Colt Python, matches the existing Python entry's tier",14.3,1,
2,TaCZ Expanded Arsenal,tacz:pythons,pistol,tacz:357mag,"Colt Python (short barrel), same bracket",14.5,1,
2,TaCZ Expanded Arsenal,tacz:rpk74,mg,tacz:545x39,"RPK-74, matches the vanilla RPK's tier",9.3,1,
2,TaCZ Expanded Arsenal,tacz:rpk74m,mg,tacz:545x39,"RPK-74M, same bracket",9.6,1,
2,TaCZ Expanded Arsenal,tacz:saiga,shotgun,tacz:12g,Saiga-12 - semi-auto combat shotgun,6.5,12,
2,TaCZ Expanded Arsenal,tacz:sawedoff,shotgun,tacz:12g,Sawed-off Model 870,7.9,9,
2,TaCZ Expanded Arsenal,tacz:skorpion,smg,ea:9x18,Vz.61 Skorpion - Cold War machine pistol/SMG,8.4,1,
2,TaCZ Expanded Arsenal,tacz:sr25,sniper,tacz:308,KAC SR25 - modern .308 precision semi-auto,47.6,1,
2,TaCZ Expanded Arsenal,tacz:sr3m,smg,ea:9x39,SR-3M - Russian suppressed subsonic specialist SMG,11.5,1,
2,TaCZ Expanded Arsenal,tacz:sw686,pistol,tacz:38special,S&W 686 - .38 Special service revolver,14.1,1,
2,TaCZ Expanded Arsenal,tacz:usp45,pistol,tacz:45acp,"HK USP45, matches the existing USP45 entry's tier",13.1,1,
2,TaCZ Expanded Arsenal,tacz:vsk,sniper,ea:9x39,VSK-94 - Russian suppressed subsonic specialist rifle,41.5,1,
2,TaCZ Expanded Arsenal,tacz:vss,sniper,ea:9x39,VSS Vintorez - Russian suppressed subsonic specialist rifle,42.8,1,
2,TaCZ Expanded Arsenal,tacz:xm177,rifle,tacz:556x45,Colt XM177 Commando - Vietnam-era CAR-15 variant,13.8,1,
2,TaCZ Expanded Arsenal,tacz:z70,rifle,tacz:762x39,Zastava M70 - Yugoslav AK-pattern rifle,17.4,1,
2,daffas,daffas_arsenal:ak47,rifle,762x39,AK47 1947 - Cold War,16.3,1,
2,daffas,daffas_arsenal:g36,mg,556x45,HK G36 1997,11.1,1,
2,daffas,daffas_arsenal:g36c,rifle,556x45,HK G36C 1997,14.6,1,
2,daffas,daffas_arsenal:g36c_commando,rifle,556x45,HK G36C 1997,14.8,1,
2,daffas,daffas_arsenal:gerosa,rifle,762x39,"Resembles the OTs-14 Groza - Russian bullpup assault rifle/carbine, tier 3",18.5,1,
2,daffas,daffas_arsenal:m79,rpg,40mm,M79 1961,96.9,1,517.0
2,daffas,daffas_arsenal:m79sohrt,rpg,40mm,"M79 short variant, same era",73.2,1,586.0
2,daffas,daffas_arsenal:makten_single,smg,45acp,"Mac-10 pattern machine pistol/SMG, 1970s era analog, tier 2",10.0,1,
2,daffas,daffas_arsenal:makten_single_taktis,smg,45acp,"Tactical/rail-equipped Mac-10 variant, modernized furniture over the 1970s base design, tier 3",10.3,1,
2,daffas,daffas_arsenal:migraine3,mg,308,"MG3-pattern general-purpose machine gun, postwar Bundeswehr development of the MG42 lineage (adopted 1968), tier 2",14.3,1,
2,daffas,daffas_arsenal:mp5k,smg,9mm,HK MP5K 1976,8.9,1,
2,daffas,daffas_arsenal:p99_hak,pistol,9mm,Walther P99 1996,12.3,1,
2,daffas,daffas_arsenal:p99_nohak,pistol,9mm,Walther P99 1996,12.5,1,
2,daffas,daffas_arsenal:pego,smg,57x28,"FN P90-pattern PDW variant, modern bullpup PDW platform, tier 3",7.2,1,
2,daffas,daffas_arsenal:pego762,mg,762x39,"FN P90-pattern variant re-typed as a light machine gun, modern bullpup platform, tier 3",11.8,1,
2,daffas,daffas_arsenal:pegomc,rifle,556x45,"FN P90-pattern variant re-typed as a rifle, modern bullpup platform, tier 3",12.1,1,
2,daffas,daffas_arsenal:pegont,smg,57x28,"FN P90-pattern PDW variant, modern bullpup PDW platform, tier 3",7.4,1,
2,daffas,daffas_arsenal:pegontmc,rifle,556x45,"FN P90-pattern variant re-typed as a rifle, modern bullpup platform, tier 3",12.8,1,
2,daffas,daffas_arsenal:sg550,rifle,556x45,SIG SG550 1990,16.5,1,
2,daffas,daffas_arsenal:sg552,rifle,556x45,SIG SG552 1990,16.6,1,
2,daffas,daffas_arsenal:sl8,sniper,556x45,HK SL8 1998,44.0,1,
2,daffas,daffas_arsenal:spasi15,shotgun,12g,likely Franchi SPAS-15 1995,9.5,8,
2,daffas,daffas_arsenal:ss1_v2,rifle,556x45,Pindad SS1 - 1980s,14.9,1,
2,daffas,daffas_arsenal:ssg69,sniper,30_06,Steyr SSG69 1969,52.5,1,
2,daffas,daffas_arsenal:ssg69s,sniper,30_06,Steyr SSG69 1969,53.7,1,
2,daffas,daffas_arsenal:uji,smg,45acp,"Dual-wielded Mac-10 pattern machine pistols, tier 3",10.5,1,
2,daffas,daffas_arsenal:wawan2000,sniper,308,"Walther WA 2000 - bullpup semi-auto sniper rifle (1982), type 1 variant, tier 3",55.0,1,
2,daffas,daffas_arsenal:wawan20002,sniper,308,"Walther WA 2000 - bullpup semi-auto sniper rifle (1982), type 2 variant, tier 3",56.2,1,
2,tacz (vanilla),tacz:aa12,shotgun,12g,"AA-12 - prototype 1972, production ~1987",5.2,10,
2,tacz (vanilla),tacz:ai_awp,sniper,338,AI AWM 1996,59.9,1,
2,tacz (vanilla),tacz:ak47,rifle,762x39,AK47 1947 - Cold War,16.0,1,
2,tacz (vanilla),tacz:aug,rifle,556x45,Steyr AUG 1977,12.3,1,
2,tacz (vanilla),tacz:b93r,pistol,9mm,Beretta 93R 1979,11.2,1,
2,tacz (vanilla),tacz:cz75,pistol,9mm,CZ75 1975,9.4,1,
2,tacz (vanilla),tacz:deagle,pistol,50ae,Desert Eagle 1983,13.9,1,
2,tacz (vanilla),tacz:deagle_golden,pistol,357mag,"Desert Eagle 1983, cosmetic variant",13.3,1,
2,tacz (vanilla),tacz:fn_fal,rifle,308,FN FAL 1953,17.6,1,
2,tacz (vanilla),tacz:g36k,rifle,556x45,HK G36K 1997,12.5,1,
2,tacz (vanilla),tacz:glock_17,pistol,9mm,"Glock 17 1982 - boundary case, kept at 1",10.4,1,
2,tacz (vanilla),tacz:hk_g3,rifle,308,HK G3 1959,17.2,1,
2,tacz (vanilla),tacz:hk_mk23,pistol,45acp,HK Mk23 1996,13.5,1,
2,tacz (vanilla),tacz:hk_mp5a5,smg,9mm,MP5A5 1966-ish,8.6,1,
2,tacz (vanilla),tacz:lonetrail,pistol,30_06,"modern break-action hunting pistol (Contender-style, 1967+)",14.9,1,
2,tacz (vanilla),tacz:m1014,shotgun,12g,Benelli M4/M1014 1998,7.1,8,
2,tacz (vanilla),tacz:m16a1,rifle,556x45,M16A1 1967,14.0,1,
2,tacz (vanilla),tacz:m16a4,rifle,556x45,M16A4 1997,14.2,1,
2,tacz (vanilla),tacz:m249,mg,556x45,M249 1984,10.4,1,
2,tacz (vanilla),tacz:m4a1,rifle,556x45,M4A1 1994,11.4,1,
2,tacz (vanilla),tacz:m700,sniper,30_06,Remington 700 1962,50.1,1,
2,tacz (vanilla),tacz:m870,shotgun,12g,"Remington 870 - 1950 postwar design, still in service today",8.2,9,
2,tacz (vanilla),tacz:m95,sniper,50bmg,Barrett M95 1995,63.5,1,
2,tacz (vanilla),tacz:minigun,mg,308,M134 Minigun - 1960s,10.7,1,
2,tacz (vanilla),tacz:p90,smg,57x28,FN P90 1990,7.7,1,
2,tacz (vanilla),tacz:qbz_95,rifle,58x42,QBZ-95 1995,12.9,1,
2,tacz (vanilla),tacz:rpg7,rpg,rpg_rocket,RPG-7 1961,101.6,1,610.0
2,tacz (vanilla),tacz:rpk,mg,762x39,RPK - Soviet 1961,12.2,1,
2,tacz (vanilla),tacz:sks_tactical,rifle,762x39,SKS base action 1945/adopted 1949 - earliest Cold War rifle; kept at 2,16.9,1,
2,tacz (vanilla),tacz:spas_12,shotgun,12g,Franchi SPAS-12 1979,10.1,8,
2,tacz (vanilla),tacz:taurus943,pistol,22wmr,Taurus 942/943 is a 1990s-2000s revolver,10.6,1,
2,tacz (vanilla),tacz:type_81,rifle,762x39,"Chinese Type 81 - 1981, boundary case",16.2,1,
2,tacz (vanilla),tacz:ump45,smg,45acp,HK UMP 1999,11.2,1,
2,tacz (vanilla),tacz:uzi,smg,9mm,Uzi 1954,9.1,1,
3,Suffuse,suffuse:ar57,smg,57x28,AR-57 conversion - 2000s,12.3,1,
3,Suffuse,suffuse:gepardpdw,smg,9mm,"Gepard PDW - real-world AK-pattern personal defense weapon variant, tier 2",8.8,1,
3,Suffuse,suffuse:kacpdw,rifle,6x35mm,"KAC PDW prototype ~2000s, never widely fielded - near-future flavor fits",14.7,1,
3,Suffuse,suffuse:ks23m,shotgun,23mm,"KS-23M - modernized 23mm bore combat shotgun, comparable role to the M870, tier 2",8.0,10,
3,Suffuse,suffuse:m200,sniper,.408ct,McMillan TAC-50/M200 Intervention 2007,72.2,1,
3,Suffuse,suffuse:mpdr,rifle,556x45,"Magpul PDR - modern bullpup carbine concept, tier 3",13.4,1,
3,Suffuse,suffuse:pkp,mg,762x54,PKP Pecheneg 2001,16.8,1,
3,Suffuse,suffuse:tti2011,pistol,9mm,2011-pattern competition pistol - modern custom build,11.1,1,
3,Suffuse,suffuse:viper2011,pistol,9mm,2011-pattern competition pistol - modern custom build,11.7,1,
3,TaCZ Expanded Arsenal,tacz:1522,rifle,ea:22lr,M&P 15-22 - modern AR-pattern .22LR rimfire trainer/plinker,13.8,1,
3,TaCZ Expanded Arsenal,tacz:500,pistol,tacz:500mag,"S&W Model 500 - .500 S&W Magnum revolver, extreme big-bore bracket",15.3,1,
3,TaCZ Expanded Arsenal,tacz:500s,pistol,tacz:500mag,"S&W .500 short-barrel variant, same bracket as 500",15.9,1,
3,TaCZ Expanded Arsenal,tacz:ar15,rifle,tacz:556x45,Colt AR-15A4 - modern semi-auto AR,16.8,1,
3,TaCZ Expanded Arsenal,tacz:ata,shotgun,ea:20g,ATA 20ga over/under - civilian sporting break-action shotgun,0.47,200,
3,TaCZ Expanded Arsenal,tacz:auga3,rifle,tacz:556x45,"Steyr AUG A3 - bullpup, matches the vanilla AUG's tier",18.4,1,
3,TaCZ Expanded Arsenal,tacz:aughb,mg,tacz:556x45,Steyr AUG A3 Heavy Barrel - AUG-family SAW variant,14.4,1,
3,TaCZ Expanded Arsenal,tacz:intervention,sniper,ea:408cheytac,"McMillan TAC-50/M200 Intervention, matches the existing M200 entry's tier",64.6,1,
3,TaCZ Expanded Arsenal,tacz:m110,sniper,tacz:308,M110 SASS - modern .308 semi-auto sniper system,49.4,1,
3,TaCZ Expanded Arsenal,tacz:mk18,rifle,tacz:556x45,Mk18 Mod 0 - modern 5.56 SBR,17.2,1,
3,TaCZ Expanded Arsenal,tacz:mk48,mg,tacz:308,Mk48 Mod 0 - modern .308 LMG,12.0,1,
3,TaCZ Expanded Arsenal,tacz:ms16,rifle,tacz:308,M1A SOCOM 16 - modern .308 rifle,21.8,1,
3,TaCZ Expanded Arsenal,tacz:pp19_01,smg,ea:9x18,PP-19-01 Vityaz - PP-19 family variant,13.0,1,
3,TaCZ Expanded Arsenal,tacz:ptr91,rifle,tacz:308,PTR 91 - modern G3-pattern .308 rifle,21.4,1,
3,TaCZ Expanded Arsenal,tacz:shorty,shotgun,tacz:12g,Serbu Super Shorty - compact sawed-off shotgun,7.4,9,
3,TaCZ Expanded Arsenal,tacz:sr15,rifle,tacz:556x45,SR-15 - modern 5.56 AR,19.7,1,
3,TaCZ Expanded Arsenal,tacz:stealth,pistol,ea:44magnum,S&W Stealth Hunter - .44 Magnum hunting pistol,14.7,1,
3,TaCZ Expanded Arsenal,tacz:sw15,rifle,tacz:556x45,M&P 15 - modern AR-pattern rifle,18.9,1,
3,TaCZ Expanded Arsenal,tacz:uzicar,smg,ea:22lr,Uzi Carbine - novelty .22LR carbine version of the Uzi,9.5,1,
3,TaCZ Expanded Arsenal,tacz:vecar,smg,tacz:45acp,"Vector 45 Carbine, matches the vanilla Vector45's tier",13.7,1,
3,daffas,daffas_arsenal:aksopmod,rifle,762x39,'Tactical AK' - modernized/rail-equipped AK variant over the 1947 AK base; era placement still under review,19.3,1,
3,daffas,daffas_arsenal:apacoba9,smg,9mm,"B&T APC9-pattern PDW/SMG, modern compact 9mm platform, tier 3",10.2,1,
3,daffas,daffas_arsenal:apacoba9_sup,smg,9mm,"Suppressed variant of the APC9-pattern apacoba9, modern compact 9mm platform, tier 3",10.9,1,
3,daffas,daffas_arsenal:hk416,rifle,556x45,HK416 2004,15.5,1,
3,daffas,daffas_arsenal:hk416_sup,rifle,556x45,HK416 2004,15.9,1,
3,daffas,daffas_arsenal:hk417,rifle,308,HK417 2005,20.5,1,
3,daffas,daffas_arsenal:hk45,pistol,45acp,HK45 2007,12.9,1,
3,daffas,daffas_arsenal:hk45_sup,pistol,45acp,HK45 2007,13.5,1,
3,daffas,daffas_arsenal:ss1_v5,rifle,556x45,Pindad SS1-V5 - 2000s upgrade,16.3,1,
3,daffas,daffas_arsenal:ss1_v5g,rifle,556x45,Pindad SS1-V5 - 2000s upgrade,18.0,1,
3,daffas,daffas_arsenal:taurus,pistol,500mag,Taurus Raging Bull .500 2003,17.1,1,
3,daffas,daffas_arsenal:taurus2,pistol,500mag,Taurus Raging Bull .500 2003,17.7,1,
3,tacz (vanilla),tacz:hk416d,rifle,556x45,HK416 2004,14.2,1,
3,tacz (vanilla),tacz:m107,sniper,50bmg,Barrett M107 2002,57.0,1,
3,tacz (vanilla),tacz:m320,rpg,40mm,M320 2009,112.0,1,560.0
3,tacz (vanilla),tacz:mk14,rifle,308,M14 EBR - modern 2000s conversion of a 1957 base rifle,21.0,1,
3,tacz (vanilla),tacz:rhino357,pistol,357mag,Chiappa Rhino 2009,12.3,1,
3,tacz (vanilla),tacz:scar_h,rifle,308,FN SCAR-H 2004,20.1,1,
3,tacz (vanilla),tacz:scar_l,rifle,556x45,FN SCAR-L 2004,15.1,1,
3,tacz (vanilla),tacz:spr15hb,rifle,556x45,modern AR-pattern precision build,17.6,1,
3,tacz (vanilla),tacz:taurus500,pistol,500mag,Taurus Raging Bull .500 2003,16.5,1,
3,tacz (vanilla),tacz:timeless50,pistol,50ae,modern custom .50AE-style pistol,14.1,1,
3,tacz (vanilla),tacz:vector45,smg,45acp,"KRISS Vector 2006 - modern but not exotic, borderline",11.6,1,
4,Apocalypse (bf1),bf1:rorsch_mk4,sniper,30_06,BF1 fictional high-tech trench weapon - no real-world reference; deliberately parked at late-game tier 4a rather than tiered by era,57.2,1,
4,Suffuse,suffuse:ash12,rifle,12.7x55,"ASh-12 - Russia, 2010s",25.8,1,
4,Suffuse,suffuse:axmc,sniper,338,AI AXMC ~2016,69.2,1,
4,Suffuse,suffuse:axsr,sniper,338,AI AXSR ~2019,75.2,1,
4,Suffuse,suffuse:dvl10,sniper,308,"DVL-10 - Russia, 2010s",63.2,1,
4,Suffuse,suffuse:gm6,sniper,50bmg,"Gepard/GM6 Lynx - Hungary, 2010s",87.2,1,
4,Suffuse,suffuse:lifecard,pistol,22wmr,"Real-world Lifecard is a 2010s novelty credit-card-shaped .22 pistol - joke/gimmick weapon, genuinely modern design despite tiny size, tier 4a",15.0,1,
4,Suffuse,suffuse:n4,rifle,556x45,"AAC Honey Badger-pattern SBR/PDW, modern suppressed carbine design, tier 3",19.0,1,
4,Suffuse,suffuse:qbu191,rifle,58x42,QBU-191 2019,21.3,1,
4,Suffuse,suffuse:qbz191,rifle,58x42,QBZ-191 2019,17.5,1,
4,Suffuse,suffuse:qbz192,rifle,58x42,QBZ-192 2019,18.3,1,
4,Suffuse,suffuse:qlu11,rpg,35x32mm,"QLZ-87/QLU-11 - China, 2010s",133.0,1,80.0
4,Suffuse,suffuse:rm277,rifle,68tvcm,US Army NGSW prototype ~2018-2022,23.5,1,
4,Suffuse,suffuse:xm7,rifle,308,NGSW winner XM7/MCX Spear - adopted 2022,24.3,1,
4,TaCZ Expanded Arsenal,tacz:940,shotgun,tacz:12g,Mossberg 940 - modern 12ga semi-auto shotgun (2019),10.6,9,
4,TaCZ Expanded Arsenal,tacz:arka,rifle,tacz:556x45,FN ARKA STD - modern 5.56 rifle,19.8,1,
4,TaCZ Expanded Arsenal,tacz:brn16a1,rifle,tacz:556x45,BRN-16A1 - modern AR-pattern rifle,22.0,1,
4,TaCZ Expanded Arsenal,tacz:g19,pistol,tacz:9mm,Glock 19X - modern service pistol,16.4,1,
4,TaCZ Expanded Arsenal,tacz:g44,pistol,ea:22lr,Glock 44 - modern .22LR trainer pistol,13.5,1,
4,TaCZ Expanded Arsenal,tacz:honey,smg,ea:300blk,"AAC Honey Badger, matches the existing Honey Badger (n4) entry's tier",11.1,1,
4,TaCZ Expanded Arsenal,tacz:l403a1,rifle,tacz:556x45,KAC L403A1 - modern AR-pattern upper,16.0,1,
4,TaCZ Expanded Arsenal,tacz:m27rwk,rifle,tacz:556x45,M27 IAR - modern 5.56 automatic rifle,16.8,1,
4,TaCZ Expanded Arsenal,tacz:pa15,rifle,tacz:556x45,PSA PA15 - modern AR-pattern rifle,22.8,1,
4,TaCZ Expanded Arsenal,tacz:psak47,rifle,tacz:762x39,PSAK-47 - modern AK-pattern rifle,25.0,1,
4,TaCZ Expanded Arsenal,tacz:rsh12,pistol,ea:127x55,"RSh-12 anti-materiel revolver, 12.7x55mm - extreme-power pistol bracket",20.7,1,
4,TaCZ Expanded Arsenal,tacz:sp5,smg,tacz:9mm,HK SP5 - modern semi-auto MP5 clone,15.5,1,
4,TaCZ Expanded Arsenal,tacz:tac338,sniper,tacz:338,"TAC-338 - .338 Lapua precision rifle, matches the AXMC/AXSR bracket",81.2,1,
4,daffas,daffas_arsenal:harpa9,smg,9mm,"Resembles the ARP9 - AR-pattern 9mm PDW/SMG, modern compact platform akin to the APC9, tier 3",13.3,1,
4,tacz (vanilla),tacz:fn_evolys,mg,308,FN Evolys 2020,17.1,1,
4,tacz (vanilla),tacz:m9a4,pistol,9mm,Beretta M9A4 is a 2021 variant (base M9 is 1985),17.8,1,
4,tacz (vanilla),tacz:p320,pistol,45acp,SIG P320 2014,19.2,1,
4,tacz (vanilla),tacz:qbz_191,rifle,58x42,QBZ-191 2019,20.5,1,
utility,Apocalypse (bf1),bf1:ef46,shotgun,fuel,non-chronological gameplay item - left as-is,3,5,
utility,Apocalypse (bf1),bf1:m2_2,shotgun,fuel,non-chronological gameplay item - left as-is,5.4,6,
utility,Apocalypse (bf1),bf1:syringe,pistol,medkit,non-chronological gameplay item - left as-is,0,1,
utility,Apocalypse (bf1),bf1:wex,shotgun,fuel,non-chronological gameplay item - left as-is,3.6,6,
utility,daffas,daffas_arsenal:samula3,rifle,elektrikal,non-chronological gameplay item - left as-is,0,0,
utility,daffas,daffas_arsenal:southeastmomssecretweapon,rifle,water,non-chronological gameplay item - left as-is,2,2,
utility,daffas,daffas_arsenal:southeastmomssecretweapon2,shotgun,water,non-chronological gameplay item - left as-is,15,16,
utility,daffas,daffas_arsenal:southeastmomssecretweapon3,sniper,water,non-chronological gameplay item - left as-is,40,16,
melee,ChocolateMan (qkl),qkl:m1905,pistol,,non-chronological gameplay item - left as-is,200,10,
melee,Suffuse,suffuse:knife,rifle,,non-chronological gameplay item - left as-is,,,
5,EMX Arms,emxarms:emx_draftsman,shotgun,emxarms:x16sg,"SAIG-24 ""Draftsman"" - EMX Arms original electromagnetic/energy weapon design (fictional, no real-world basis)",10.0,10,
5,EMX Arms,emxarms:emx_enforcer,shotgun,emxarms:x16sg,"HS-16 ""Enforcer"" - EMX Arms original electromagnetic/energy weapon design (fictional, no real-world basis)",8.8,16,
5,EMX Arms,emxarms:emx_expel32,smg,emxarms:402x31fmj,"XSMG-12 ""Dark Repulser"" - EMX Arms original electromagnetic/energy weapon design (fictional, no real-world basis)",17.9,1,
5,EMX Arms,emxarms:emx_expel32se,smg,emxarms:402x31,"XSMG-09 ""Explainer"" - EMX Arms original electromagnetic/energy weapon design (fictional, no real-world basis)",15.8,1,
5,EMX Arms,emxarms:emx_kund50,pistol,emxarms:402x31,"MACH-50 ""Polar Hunter"" - EMX Arms original electromagnetic/energy weapon design (fictional, no real-world basis)",20.9,1,
5,EMX Arms,emxarms:emx_kund50ex,pistol,emxarms:402x31,"MACH-50EX ""Polar Explorer"" - EMX Arms original electromagnetic/energy weapon design (fictional, no real-world basis)",23.6,1,
5,EMX Arms,emxarms:emx_mac100,pistol,emxarms:402x31,"APS | MACH ""Frost Stars"" - EMX Arms original electromagnetic/energy weapon design (fictional, no real-world basis)",13.2,2,
5,EMX Arms,emxarms:emx_mac50,pistol,emxarms:402x31,"APS-293 ""Privy Councilor"" - EMX Arms original electromagnetic/energy weapon design (fictional, no real-world basis)",18.2,1,
5,EMX Arms,emxarms:emx_mac50flux,smg,emxarms:402x31,"Unfinished items(EMX) - EMX Arms original electromagnetic/energy weapon design (fictional, no real-world basis)",19.9,1,
5,EMX Arms,emxarms:emx_mg57,mg,emxarms:339x57,"HCMG-57 ""Heavy Cavalry"" - EMX Arms original electromagnetic/energy weapon design (fictional, no real-world basis)",20.2,1,
5,EMX Arms,emxarms:emx_mg90,mg,emxarms:410x57ap,"APM-130 ""Doom"" - EMX Arms original electromagnetic/energy weapon design (fictional, no real-world basis)",22.9,1,
5,EMX Arms,emxarms:emx_mk88,sniper,emxarms:339x57fmj,"CTRS-192 ""Imperial Bodyguard"" - EMX Arms original electromagnetic/energy weapon design (fictional, no real-world basis)",79.8,1,
5,EMX Arms,emxarms:emx_mk951l,rifle,emxarms:339x57fmj,"CML-951 ""LongBow"" - EMX Arms original electromagnetic/energy weapon design (fictional, no real-world basis)",31.3,1,
5,EMX Arms,emxarms:emx_mk951lmg,mg,emxarms:339x57,"LCMG-951 ""Imperial Guard"" - EMX Arms original electromagnetic/energy weapon design (fictional, no real-world basis)",17.5,1,
5,EMX Arms,emxarms:emx_mk951r,rifle,emxarms:339x57,"CMR-951 ""Red-CrownedCrane"" - EMX Arms original electromagnetic/energy weapon design (fictional, no real-world basis)",21.4,1,
5,EMX Arms,emxarms:emx_nikana,pistol,emxarms:402x31fmj,"Unfinished items(EMX) - EMX Arms original electromagnetic/energy weapon design (fictional, no real-world basis)",19.6,1,
5,EMX Arms,emxarms:emx_pmg90,sniper,emxarms:1045x103,"HAER-90 ""Artemis"" - EMX Arms original electromagnetic/energy weapon design (fictional, no real-world basis)",102.6,1,
5,EMX Arms,emxarms:emx_pulse,pistol,emxarms:402x31,"XSP-31 ""Pulse"" - EMX Arms original electromagnetic/energy weapon design (fictional, no real-world basis)",16.9,1,
5,EMX Arms,emxarms:emx_pulsex2,pistol,emxarms:402x31,"XSP-31 ""Vigilante"" - EMX Arms original electromagnetic/energy weapon design (fictional, no real-world basis)",12.5,2,
5,EMX Arms,emxarms:emx_rivet,rifle,emxarms:339x57,"SK-217 ""Solid Nail"" - EMX Arms original electromagnetic/energy weapon design (fictional, no real-world basis)",24.8,1,
5,EMX Arms,emxarms:emx_scgraves,shotgun,emxarms:x16sg,"AssemblyEG ""revolutionary"" - EMX Arms original electromagnetic/energy weapon design (fictional, no real-world basis)",7.5,16,
5,EMX Arms,emxarms:emx_sf7b,mg,emxarms:1045x103belt,"Ares SF7B ""Inferno"" - EMX Arms original electromagnetic/energy weapon design (fictional, no real-world basis)",25.6,1,
5,EMX Arms,emxarms:emx_tknife,pistol,emxarms:emx_tediore,"Tediorei-II ""Operator"" - EMX Arms original electromagnetic/energy weapon design (fictional, no real-world basis)",22.3,1,
5,EMX Arms,emxarms:emx_umx32,smg,emxarms:402x31,"VXM-31 ""Hidden Blade"" - EMX Arms original electromagnetic/energy weapon design (fictional, no real-world basis)",13.7,1,
5,EMX Arms,emxarms:emx_umx57,rifle,emxarms:339x57,"VXM-57 ""Hunting Knife"" - EMX Arms original electromagnetic/energy weapon design (fictional, no real-world basis)",28.0,1,
5,TRIS Dyna,trisdyna:ch104,rifle,trisdyna:emx_b2,"CH-104 ""Comet"" - TRIS Dyna original battery-powered energy weapon design (fictional, no real-world basis)",32.8,1,
5,TRIS Dyna,trisdyna:cms92,smg,trisdyna:emx_b1,"FTL-XL ""White dwarf"" - TRIS Dyna original battery-powered energy weapon design (fictional, no real-world basis)",16.2,1,
5,TRIS Dyna,trisdyna:cms92x,smg,trisdyna:emx_b1,"FTL-MR ""Black Dwarf"" - TRIS Dyna original battery-powered energy weapon design (fictional, no real-world basis)",20.9,1,
5,TRIS Dyna,trisdyna:emx_cf007,mg,trisdyna:emx_b3,"CM-117 ""Cerberus"" - TRIS Dyna original battery-powered energy weapon design (fictional, no real-world basis)",20.9,1,
5,TRIS Dyna,trisdyna:emx_cf107,mg,trisdyna:emx_b3,"CM-217M ""Roaring"" - TRIS Dyna original battery-powered energy weapon design (fictional, no real-world basis)",13.4,2,
5,TRIS Dyna,trisdyna:fl00,pistol,trisdyna:emx_b1,"FL-00 ""Universal Adapter"" - TRIS Dyna original battery-powered energy weapon design (fictional, no real-world basis)",26.8,1,
5,TRIS Dyna,trisdyna:fl3e,pistol,trisdyna:emx_b1,"FL-3E ""Great Ray"" - TRIS Dyna original battery-powered energy weapon design (fictional, no real-world basis)",20.9,1,
5,TRIS Dyna,trisdyna:fpc211,shotgun,trisdyna:emx_b2,"FPC-211 ""The Marker Nemesis"" - TRIS Dyna original battery-powered energy weapon design (fictional, no real-world basis)",18.6,8,
5,TRIS Dyna,trisdyna:fs2000,sniper,trisdyna:emx_b1,"FS-2053 ""Trigger"" - TRIS Dyna original battery-powered energy weapon design (fictional, no real-world basis)",113.3,1,
5,TRIS Dyna,trisdyna:iras,shotgun,trisdyna:emx_b3,"IRA-S ""Gravastar"" - TRIS Dyna original battery-powered energy weapon design (fictional, no real-world basis)",29.0,4,
5,TRIS Dyna,trisdyna:omerta,rifle,trisdyna:emx_b2,"FTS-L ""Omertà"" - TRIS Dyna original battery-powered energy weapon design (fictional, no real-world basis)",25.5,1,
5,TRIS Dyna,trisdyna:r117_weedy,rpg,trisdyna:emx_b3,"FL-117 ""Great Tempest"" - TRIS Dyna original battery-powered energy weapon design (fictional, no real-world basis)",162.3,1,415.0
5,TRIS Dyna,trisdyna:rc,rpg,trisdyna:emx_b6,"Fire Platform ""Reverse Collapse"" - TRIS Dyna original battery-powered energy weapon design (fictional, no real-world basis)",208.7,1,1127.0
5,TRIS Dyna,trisdyna:s10dmd,sniper,trisdyna:emx_s10,"Idris D10-MD ""destroyer"" - TRIS Dyna original battery-powered energy weapon design (fictional, no real-world basis)",485.0,1,
5,TRIS Dyna,trisdyna:tris_sf7e,sniper,trisdyna:emx_b3,"Ares SF7E ""Ion"" - TRIS Dyna original battery-powered energy weapon design (fictional, no real-world basis)",88.1,1,
4.5,MS-Mobius,sfms:af_46,pistol,tacz:46x30,"AF-46 AUTO ""Swift"" - MS-Mobius original near-future weapon design (fictional, no real-world basis), crafted at the tier 4 workbench despite being tier 4.5",15.1,1,
4.5,MS-Mobius,sfms:af_57,pistol,tacz:57x28,"AF-57 AUTO ""Viper"" - MS-Mobius original near-future weapon design (fictional, no real-world basis), crafted at the tier 4 workbench despite being tier 4.5",14.5,1,
4.5,MS-Mobius,sfms:ar50,sniper,sfms:50arms,"MSR-15 .50 ""Achilles"" - MS-Mobius original near-future weapon design (fictional, no real-world basis), crafted at the tier 4 workbench despite being tier 4.5",85.5,1,
4.5,MS-Mobius,sfms:ats15,rifle,sfms:300ms,"ATS-15(Mod.I) ""Judicator"" - MS-Mobius original near-future weapon design (fictional, no real-world basis), crafted at the tier 4 workbench despite being tier 4.5",22.3,1,
4.5,MS-Mobius,sfms:ats15mod,rifle,sfms:300ms,"ATS-15(Mod.II) ""Sin & Punishment"" - MS-Mobius original near-future weapon design (fictional, no real-world basis), crafted at the tier 4 workbench despite being tier 4.5",23.1,1,
4.5,MS-Mobius,sfms:c8msw,rifle,sfms:c812,"C8-HMS ""Executor"" - MS-Mobius original near-future weapon design (fictional, no real-world basis), crafted at the tier 4 workbench despite being tier 4.5",27.0,1,
4.5,MS-Mobius,sfms:cms901,rifle,sfms:c901,"CMS-901 ""Purifier"" - MS-Mobius original near-future weapon design (fictional, no real-world basis), crafted at the tier 4 workbench despite being tier 4.5",26.2,1,
4.5,MS-Mobius,sfms:d50,pistol,tacz:50ae,"D-50 Mk.XV ""Warhammer"" - MS-Mobius original near-future weapon design (fictional, no real-world basis), crafted at the tier 4 workbench despite being tier 4.5",18.6,1,
4.5,MS-Mobius,sfms:emergency_baton,pistol,sfms:inf,"Standard Emergency Baton - MS-Mobius original near-future weapon design (fictional, no real-world basis), melee-type weapon, crafted at the tier 4 workbench despite being tier 4.5",5.1,4,
4.5,MS-Mobius,sfms:felix_12,shotgun,tacz:12g,"Felix-12 ""Constantine"" - MS-Mobius original near-future weapon design (fictional, no real-world basis), crafted at the tier 4 workbench despite being tier 4.5",12.9,7,
4.5,MS-Mobius,sfms:felix_12dg,shotgun,tacz:12g,"AWAKEN Felix-12 ""John Wick"" - MS-Mobius original near-future weapon design (fictional, no real-world basis), crafted at the tier 4 workbench despite being tier 4.5",14.1,8,
4.5,MS-Mobius,sfms:g18,pistol,tacz:9mm,"G18 MTX ""Cobra"" - MS-Mobius original near-future weapon design (fictional, no real-world basis), crafted at the tier 4 workbench despite being tier 4.5",15.7,1,
4.5,MS-Mobius,sfms:har50,mg,sfms:50arms,"HAR-50 Mk.II ""Doom Hammer"" - MS-Mobius original near-future weapon design (fictional, no real-world basis), crafted at the tier 4 workbench despite being tier 4.5",22.1,1,
4.5,MS-Mobius,sfms:inf,pistol,tacz:45acp,"MS Infinity ""inf"" - MS-Mobius original near-future weapon design (fictional, no real-world basis), crafted at the tier 4 workbench despite being tier 4.5",16.2,1,
4.5,MS-Mobius,sfms:inf_x,pistol,tacz:45acp,"MS Infinity ""Endless Duo"" - MS-Mobius original near-future weapon design (fictional, no real-world basis), crafted at the tier 4 workbench despite being tier 4.5",16.8,1,
4.5,MS-Mobius,sfms:inf_xj,pistol,tacz:45acp,"Golden Red Scorpion Twins - MS-Mobius original near-future weapon design (fictional, no real-world basis), crafted at the tier 4 workbench despite being tier 4.5",17.4,1,
4.5,MS-Mobius,sfms:katana,pistol,sfms:inf,"Gangatel Replica ""Savior"" - MS-Mobius original near-future weapon design (fictional, no real-world basis), crafted at the tier 4 workbench despite being tier 4.5",2.0,20,
4.5,MS-Mobius,sfms:lvsa_c,rifle,tacz:556x45,"LVSA-C ""Pathfinder"" - MS-Mobius original near-future weapon design (fictional, no real-world basis), crafted at the tier 4 workbench despite being tier 4.5",17.7,1,
4.5,MS-Mobius,sfms:lvsa_c_erode,rifle,tacz:556x45,"ERODE LVSA-C ""Crisis Response"" - MS-Mobius original near-future weapon design (fictional, no real-world basis), crafted at the tier 4 workbench despite being tier 4.5",18.5,1,
4.5,MS-Mobius,sfms:lvsa_c_erode_lmg,mg,tacz:556x45,"ERODE LVSA-LMG ""Gold Tide"" - MS-Mobius original near-future weapon design (fictional, no real-world basis), crafted at the tier 4 workbench despite being tier 4.5",18.9,1,
4.5,MS-Mobius,sfms:lvsa_cs,rifle,tacz:556x45,"LVSA-CS ""Sentry"" - MS-Mobius original near-future weapon design (fictional, no real-world basis), crafted at the tier 4 workbench despite being tier 4.5",20.0,1,
4.5,MS-Mobius,sfms:lvsa_hs,sniper,tacz:308,"AWAKEN LVSA-HS ""Circuit Sword"" - MS-Mobius original near-future weapon design (fictional, no real-world basis), crafted at the tier 4 workbench despite being tier 4.5",74.1,1,
4.5,MS-Mobius,sfms:m109,sniper,sfms:25gl,"Mark109 ""Impact Load"" - MS-Mobius original near-future weapon design (fictional, no real-world basis), crafted at the tier 4 workbench despite being tier 4.5",79.8,1,
4.5,MS-Mobius,sfms:m1887,shotgun,tacz:12g,"Module2043 ""Gravekeeper"" - MS-Mobius original near-future weapon design (fictional, no real-world basis), crafted at the tier 4 workbench despite being tier 4.5",8.0,16,
4.5,MS-Mobius,sfms:m1887s,shotgun,tacz:12g,"Module2042XL ""Incinerator"" - MS-Mobius original near-future weapon design (fictional, no real-world basis), crafted at the tier 4 workbench despite being tier 4.5",10.5,10,
4.5,MS-Mobius,sfms:m200,sniper,sfms:408,"VANT NEX-408 ""Silent Owl"" - MS-Mobius original near-future weapon design (fictional, no real-world basis), crafted at the tier 4 workbench despite being tier 4.5",91.2,1,
4.5,MS-Mobius,sfms:m202,rpg,tacz:rpg_rocket,"MASW-202 ""Sky Roar"" - MS-Mobius original near-future weapon design (fictional, no real-world basis), crafted at the tier 4 workbench despite being tier 4.5",156.2,1,937.0
4.5,MS-Mobius,sfms:m4a5,rifle,tacz:556x45,"MSA5 ""Officer"" - MS-Mobius original near-future weapon design (fictional, no real-world basis), crafted at the tier 4 workbench despite being tier 4.5",19.3,1,
4.5,MS-Mobius,sfms:m7,sniper,tacz:68x51fury,"Ultra Mark7 ""Yog-Sothoth"" - MS-Mobius original near-future weapon design (fictional, no real-world basis), crafted at the tier 4 workbench despite being tier 4.5",62.7,1,
4.5,MS-Mobius,sfms:mgl320,rpg,tacz:40mm,"HGL-320 ""Ash"" - MS-Mobius original near-future weapon design (fictional, no real-world basis), crafted at the tier 4 workbench despite being tier 4.5",119.4,1,448.0
4.5,MS-Mobius,sfms:mgl40,rpg,tacz:40mm,"HGL-T40 ""Destroyer"" - MS-Mobius original near-future weapon design (fictional, no real-world basis), crafted at the tier 4 workbench despite being tier 4.5",137.8,1,574.0
4.5,MS-Mobius,sfms:mgl416,rpg,tacz:40mm,"XM-PA63 ""Parasitic Grenade"" - MS-Mobius original near-future weapon design (fictional, no real-world basis), crafted at the tier 4 workbench despite being tier 4.5",8.73,20,10.0
4.5,MS-Mobius,sfms:mpx,smg,tacz:9mm,"Mobius PDW-X ""Owl-Feather"" - MS-Mobius original near-future weapon design (fictional, no real-world basis), crafted at the tier 4 workbench despite being tier 4.5",12.9,1,
4.5,MS-Mobius,sfms:mpxcb,smg,tacz:9mm,"PDW-X Carbine ""Long-Night Heron"" - MS-Mobius original near-future weapon design (fictional, no real-world basis), crafted at the tier 4 workbench despite being tier 4.5",14.1,1,
4.5,MS-Mobius,sfms:night2011,pistol,sfms:30scp,"Nighthawk 2011 - MS-Mobius original near-future weapon design (fictional, no real-world basis), crafted at the tier 4 workbench despite being tier 4.5",18.0,1,
4.5,MS-Mobius,sfms:night2011flux,smg,sfms:30scp,"Nighthawk 2011 FLNX - MS-Mobius original near-future weapon design (fictional, no real-world basis), crafted at the tier 4 workbench despite being tier 4.5",15.3,1,
4.5,MS-Mobius,sfms:night2011fluxk,smg,sfms:30scp,"Nighthawk 2011 ""KLUONOA"" - MS-Mobius original near-future weapon design (fictional, no real-world basis), crafted at the tier 4 workbench despite being tier 4.5",16.5,1,
4.5,MS-Mobius,sfms:nitro_505,pistol,sfms:arrow117,"XRT-505 ""Reverse Flame"" - MS-Mobius original near-future weapon design (fictional, no real-world basis), crafted at the tier 4 workbench despite being tier 4.5",19.2,1,
4.5,MS-Mobius,sfms:s10exodus,rifle,sfms:inf,"Idris E10-EX ""Exodus"" - MS-Mobius original near-future weapon design (fictional, no real-world basis), crafted at the tier 4 workbench despite being tier 4.5",27.7,1,
4.5,MS-Mobius,sfms:s10exodus_red,rifle,sfms:inf,"Idris E10-EX ""Exodus-paint"" - MS-Mobius original near-future weapon design (fictional, no real-world basis), crafted at the tier 4 workbench despite being tier 4.5",28.5,1,
4.5,MS-Mobius,sfms:sbr15,rifle,sfms:300ms,"SPR-15 ""Wolverine"" - MS-Mobius original near-future weapon design (fictional, no real-world basis), crafted at the tier 4 workbench despite being tier 4.5",20.8,1,
4.5,MS-Mobius,sfms:super90m2,shotgun,sfms:12ap,"MS Super90 M2 ""Infiltrator"" - MS-Mobius original near-future weapon design (fictional, no real-world basis), crafted at the tier 4 workbench despite being tier 4.5",20.6,4,
4.5,MS-Mobius,sfms:super90m4,shotgun,tacz:12g,"MS Super90 M4 ""Array Breaker"" - MS-Mobius original near-future weapon design (fictional, no real-world basis), crafted at the tier 4 workbench despite being tier 4.5",13.3,9,
4.5,MS-Mobius,sfms:supersass,sniper,tacz:308,"MS Super SAMS ""Arctic Wolf"" - MS-Mobius original near-future weapon design (fictional, no real-world basis), crafted at the tier 4 workbench despite being tier 4.5",68.4,1,
4.5,MS-Mobius,sfms:sword_life,pistol,sfms:inf,"Luminara ""Bloom"" - MS-Mobius original near-future weapon design (fictional, no real-world basis), melee-type weapon, crafted at the tier 4 workbench despite being tier 4.5",4.4,5,
4.5,MS-Mobius,sfms:t416,rifle,sfms:m995,"T-416 A7 ""Justifiable Defense"" - MS-Mobius original near-future weapon design (fictional, no real-world basis), crafted at the tier 4 workbench despite being tier 4.5",25.4,1,
4.5,MS-Mobius,sfms:tb23,pistol,sfms:arrow117,"TB-23 Mk5 ""Hawk Eye"" - MS-Mobius original near-future weapon design (fictional, no real-world basis), melee-type weapon, crafted at the tier 4 workbench despite being tier 4.5",19.8,1,
4.5,MS-Mobius,sfms:tb50,smg,tacz:50ae,"TB-50 Mk.XV ""Thunder-Owl"" - MS-Mobius original near-future weapon design (fictional, no real-world basis), crafted at the tier 4 workbench despite being tier 4.5",17.8,1,
4.5,MS-Mobius,sfms:tcg5,pistol,sfms:50arms,"Thaum Contender G5 - MS-Mobius original near-future weapon design (fictional, no real-world basis), crafted at the tier 4 workbench despite being tier 4.5",21.0,1,
4.5,MS-Mobius,sfms:tcg5ich,pistol,sfms:50ich,"Thaum Contender G5 - MS-Mobius original near-future weapon design (fictional, no real-world basis), crafted at the tier 4 workbench despite being tier 4.5",21.6,1,
4.5,MS-Mobius,sfms:tech635,smg,tacz:9mm,"TECH-635 ""Raven"" - MS-Mobius original near-future weapon design (fictional, no real-world basis), crafted at the tier 4 workbench despite being tier 4.5",11.6,1,
4.5,MS-Mobius,sfms:tempus90,sniper,sfms:12ap,"TEMPUS-90 'Night-Owl"" - MS-Mobius original near-future weapon design (fictional, no real-world basis), crafted at the tier 4 workbench despite being tier 4.5",32.3,3,
4.5,MS-Mobius,sfms:tempus90s,shotgun,tacz:12g,"TEMPUS-90SL ""Pack-Hunter"" - MS-Mobius original near-future weapon design (fictional, no real-world basis), crafted at the tier 4 workbench despite being tier 4.5",12.2,8,
4.5,MS-Mobius,sfms:trident_dea,pistol,sfms:inf,"Death's Shadow ""Wither"" - MS-Mobius original near-future weapon design (fictional, no real-world basis), melee-type weapon, crafted at the tier 4 workbench despite being tier 4.5",4.5,5,
4.5,MS-Mobius,sfms:umax100,mg,tacz:556x45,"MAXLMG-100 ""Zero Leap Whale"" - MS-Mobius original near-future weapon design (fictional, no real-world basis), crafted at the tier 4 workbench despite being tier 4.5",15.8,1,
4.5,MS-Mobius,erode:ats15_isaac,rifle,sfms:300ms,"ATS-15(Mod.I) ""Raider"" - MS-Mobius reskin/variant, original near-future weapon design (fictional, no real-world basis), crafted at the tier 4 workbench despite being tier 4.5",23.9,1,
4.5,MS-Mobius,erode:ats15mod_isaac,rifle,sfms:300ms,"ATS-15(Mod.II) ""Omni Raider"" - MS-Mobius reskin/variant, original near-future weapon design (fictional, no real-world basis), crafted at the tier 4 workbench despite being tier 4.5",24.6,1,
4.5,MS-Mobius,erode:sbr15_isaac,rifle,sfms:300ms,"SPR-15 ""Badger Hunter"" - MS-Mobius reskin/variant, original near-future weapon design (fictional, no real-world basis), crafted at the tier 4 workbench despite being tier 4.5",21.6,1,
